timestamp,sender,message,message_type
2025-02-28 18:37:06,用户B,我好像总是做不好，很沮丧。,text
2025-01-04 08:23:00,用户A,你已经比昨天进步了很多，继续前进吧。,text
2024-10-04 10:26:25,用户B,我觉得自己好像什么都做不好。,text
2024-06-22 02:51:05,用户A,相信自己，你一定可以克服这个挑战。,text
2024-08-08 15:37:26,用户B,我不知道该怎么面对这个挑战。,text
2024-08-27 16:13:13,用户A,别担心，一切都会好起来的。,text
2024-09-10 12:52:22,用户B,我不知道该怎么继续下去了。,text
2025-01-16 13:30:02,用户A,相信自己，你一定可以克服这个挑战。,text
2024-12-03 22:40:50,用户B,我不知道该怎么解决这个问题。,text
2024-07-05 09:54:08,用户A,我会一直支持你，无论发生什么。,text
2024-05-08 20:31:48,用户B,最近工作压力很大，有点撑不住了。,text
2024-11-20 00:53:10,用户A,你已经做得很棒了，继续加油！,text
2024-07-24 00:00:38,用户B,我觉得自己好像被困住了。,text
2024-11-11 07:24:47,用户A,困难只是暂时的，未来会更美好。,text
2024-11-19 01:07:10,用户B,我感觉很迷茫，不知道该怎么办。,text
2024-08-11 09:12:08,用户A,困难只是暂时的，未来会更美好。,text
2024-11-04 11:15:38,用户B,我感觉自己很失败，很无助。,text
2024-06-17 05:29:27,用户A,无论遇到什么困难，我都会在你身边。,text
2024-04-06 00:58:38,用户B,我不知道该怎么解决这个问题。,text
2024-05-27 02:17:14,用户A,你已经比昨天进步了很多，继续前进吧。,text
2024-06-23 10:51:51,用户B,我不知道该怎么面对这个挑战。,text
2024-12-10 12:54:44,用户A,困难只是暂时的，未来会更美好。,text
2024-05-28 04:59:42,用户B,我感觉自己很失败，很无助。,text
2025-01-15 07:42:28,用户A,别担心，一切都会好起来的。,text
2024-08-10 16:39:14,用户B,我不知道该怎么解决这个问题。,text
2024-11-05 20:53:17,用户A,别担心，一切都会好起来的。,text
2024-05-10 18:47:44,用户B,我觉得自己好像什么都做不好。,text
2025-01-03 20:04:44,用户A,无论遇到什么困难，我都会在你身边。,text
2024-11-23 14:37:29,用户B,我不知道该怎么面对这个挑战。,text
2024-09-26 14:25:44,用户A,你比你想象的要坚强得多。,text
2024-08-04 07:22:28,用户B,我觉得自己好像什么都做不好。,text
2024-09-10 02:05:44,用户A,困难只是暂时的，未来会更美好。,text
2024-10-17 13:36:50,用户B,我感觉很累，有点想放弃了。,text
2024-04-29 08:33:57,用户A,无论遇到什么困难，我都会在你身边。,text
2024-07-15 10:35:51,用户B,我感觉很迷茫，不知道该怎么办。,text
2024-11-28 00:15:15,用户A,慢慢来，不要给自己太大压力。,text
2025-01-04 16:19:50,用户B,我感觉很累，有点想放弃了。,text
2024-08-13 00:36:39,用户A,相信自己，你一定可以克服这个挑战。,text
2024-03-26 02:49:11,用户B,我感觉自己很失败，很无助。,text
2024-07-23 19:08:04,用户A,相信自己，你一定可以克服这个挑战。,text
2024-12-16 21:15:46,用户B,我不知道该怎么解决这个问题。,text
2025-02-13 03:04:10,用户A,你已经比昨天进步了很多，继续前进吧。,text
2024-11-05 11:35:28,用户B,我感觉很迷茫，不知道该怎么办。,text
2024-04-28 03:18:37,用户A,相信自己，你一定可以克服这个挑战。,text
2024-09-11 03:05:39,用户B,我感觉自己很失败，很无助。,text
2025-02-25 21:50:59,用户A,你已经做得很棒了，继续加油！,text
2024-06-14 06:50:11,用户B,我不知道该怎么继续下去了。,text
2024-03-30 19:56:55,用户A,无论遇到什么困难，我都会在你身边。,text
2024-09-08 20:12:31,用户B,我不知道该怎么解决这个问题。,text
2025-01-30 16:12:07,用户A,相信自己，你一定可以克服这个挑战。,text
2024-11-01 07:40:10,用户B,我感觉很累，有点想放弃了。,text
2024-07-15 12:40:10,用户A,每一次挫折都是成长的机会，别灰心。,text
2024-09-22 09:33:28,用户B,我不知道该怎么面对这个挑战。,text
2024-09-12 01:32:01,用户A,别担心，一切都会好起来的。,text
2024-06-03 15:18:46,用户B,我感觉自己很失败，很无助。,text
2024-05-31 07:15:49,用户A,慢慢来，不要给自己太大压力。,text
2024-10-05 05:39:12,用户B,我不知道该怎么解决这个问题。,text
2024-04-22 00:57:50,用户A,你已经做得很棒了，继续加油！,text
2024-10-17 18:57:12,用户B,我不知道该怎么解决这个问题。,text
2024-03-18 22:54:26,用户A,你已经比昨天进步了很多，继续前进吧。,text
2024-03-12 22:52:50,用户B,我觉得自己好像什么都做不好。,text
2025-01-05 03:17:31,用户A,别担心，一切都会好起来的。,text
2024-03-22 14:37:14,用户B,我感觉自己很失败，很无助。,text
2025-01-31 08:16:26,用户A,你已经比昨天进步了很多，继续前进吧。,text
2024-10-23 14:40:05,用户B,我不知道该怎么继续下去了。,text
2024-08-16 10:40:39,用户A,无论遇到什么困难，我都会在你身边。,text
2024-05-12 11:55:23,用户B,我不知道该怎么继续下去了。,text
2024-11-08 15:18:32,用户A,我会一直支持你，无论发生什么。,text
2024-04-16 09:32:14,用户B,我不知道该怎么继续下去了。,text
2024-04-02 12:00:56,用户A,你已经做得很棒了，继续加油！,text
2025-02-16 20:02:41,用户B,我感觉很累，有点想放弃了。,text
2024-11-22 11:35:21,用户A,困难只是暂时的，未来会更美好。,text
2025-02-10 18:40:21,用户B,我好像总是做不好，很沮丧。,text
2024-09-01 16:39:39,用户A,你比你想象的要坚强得多。,text
2024-05-24 02:41:13,用户B,我好像总是做不好，很沮丧。,text
2024-03-04 14:58:25,用户A,困难只是暂时的，未来会更美好。,text
2024-11-26 03:33:34,用户B,我不知道该怎么解决这个问题。,text
2024-03-18 09:56:41,用户A,无论遇到什么困难，我都会在你身边。,text
2025-02-18 16:31:37,用户B,我不知道该怎么解决这个问题。,text
2024-04-28 21:39:01,用户A,你已经做得很棒了，继续加油！,text
2024-06-06 11:18:20,用户B,我感觉很累，有点想放弃了。,text
2024-03-22 03:39:49,用户A,无论遇到什么困难，我都会在你身边。,text
2024-07-14 05:49:46,用户B,我好像总是做不好，很沮丧。,text
2024-06-24 21:23:15,用户A,你比你想象的要坚强得多。,text
2024-05-13 19:44:46,用户B,我觉得自己好像什么都做不好。,text
2024-11-30 13:03:22,用户A,你已经做得很棒了，继续加油！,text
2025-01-02 21:38:28,用户B,我觉得自己好像什么都做不好。,text
2024-06-24 21:00:46,用户A,你已经做得很棒了，继续加油！,text
2024-12-18 16:43:36,用户B,最近工作压力很大，有点撑不住了。,text
2024-07-10 00:39:57,用户A,无论遇到什么困难，我都会在你身边。,text
2025-02-22 13:31:02,用户B,我好像总是做不好，很沮丧。,text
2025-02-12 16:49:07,用户A,你已经比昨天进步了很多，继续前进吧。,text
2024-06-03 14:55:52,用户B,我感觉很累，有点想放弃了。,text
2025-02-14 22:30:05,用户A,慢慢来，不要给自己太大压力。,text
2024-04-28 04:44:55,用户B,我觉得自己好像什么都做不好。,text
2024-11-15 02:15:39,用户A,你已经做得很棒了，继续加油！,text
2024-12-31 23:10:14,用户B,我好像总是做不好，很沮丧。,text
2024-04-19 04:45:23,用户A,你已经做得很棒了，继续加油！,text
2024-08-09 07:14:42,用户B,我好像总是做不好，很沮丧。,text
2025-02-21 06:43:24,用户A,每一次挫折都是成长的机会，别灰心。,text
2024-09-12 10:10:20,用户B,最近工作压力很大，有点撑不住了。,text
2024-08-25 03:04:32,用户A,我会一直支持你，无论发生什么。,text
2024-08-02 15:24:13,用户B,我感觉很迷茫，不知道该怎么办。,text
2024-10-01 00:56:17,用户A,你已经比昨天进步了很多，继续前进吧。,text
2024-09-05 11:32:55,用户B,我不知道该怎么继续下去了。,text
2024-08-03 02:52:24,用户A,你比你想象的要坚强得多。,text
2025-01-22 17:33:12,用户B,我觉得自己好像被困住了。,text
2025-02-08 14:47:42,用户A,你比你想象的要坚强得多。,text
2024-09-22 11:51:20,用户B,最近工作压力很大，有点撑不住了。,text
2024-12-02 05:20:25,用户A,无论遇到什么困难，我都会在你身边。,text
2024-06-20 02:34:01,用户B,我不知道该怎么面对这个挑战。,text
2024-05-11 15:38:30,用户A,慢慢来，不要给自己太大压力。,text
2024-08-11 16:05:10,用户B,我觉得自己好像被困住了。,text
2024-08-22 20:10:36,用户A,你已经做得很棒了，继续加油！,text
2024-09-16 11:01:57,用户B,我觉得自己好像被困住了。,text
2024-10-27 07:45:44,用户A,别担心，一切都会好起来的。,text
2025-02-13 08:17:20,用户B,我觉得自己好像什么都做不好。,text
2024-04-14 18:30:03,用户A,每一次挫折都是成长的机会，别灰心。,text
2024-12-15 05:28:01,用户B,最近工作压力很大，有点撑不住了。,text
2024-07-22 20:36:20,用户A,无论遇到什么困难，我都会在你身边。,text
2024-07-30 11:10:57,用户B,我不知道该怎么面对这个挑战。,text
2024-10-21 12:42:10,用户A,你比你想象的要坚强得多。,text
2024-09-15 03:54:10,用户B,我不知道该怎么继续下去了。,text
2024-04-28 15:48:12,用户A,你已经比昨天进步了很多，继续前进吧。,text
2025-01-19 17:39:17,用户B,我不知道该怎么面对这个挑战。,text
2025-01-14 01:44:49,用户A,慢慢来，不要给自己太大压力。,text
2025-02-01 14:17:27,用户B,我不知道该怎么继续下去了。,text
2024-05-20 22:00:29,用户A,每一次挫折都是成长的机会，别灰心。,text
2024-03-05 07:57:06,用户B,我觉得自己好像被困住了。,text
2024-04-08 00:31:24,用户A,相信自己，你一定可以克服这个挑战。,text
2024-08-19 17:43:51,用户B,我感觉很累，有点想放弃了。,text
2024-12-26 22:46:10,用户A,慢慢来，不要给自己太大压力。,text
2025-02-08 15:52:52,用户B,我觉得自己好像被困住了。,text
2024-04-19 14:26:33,用户A,别担心，一切都会好起来的。,text
2024-03-06 21:49:57,用户B,我觉得自己好像被困住了。,text
2024-04-03 18:23:00,用户A,无论遇到什么困难，我都会在你身边。,text
2024-04-14 08:42:22,用户B,我不知道该怎么面对这个挑战。,text
2025-01-04 11:20:54,用户A,别担心，一切都会好起来的。,text
2024-10-18 18:38:50,用户B,我不知道该怎么面对这个挑战。,text
2024-11-01 16:10:41,用户A,别担心，一切都会好起来的。,text
2024-05-29 02:53:09,用户B,我不知道该怎么继续下去了。,text
2024-12-02 19:23:59,用户A,每一次挫折都是成长的机会，别灰心。,text
2024-05-18 23:39:00,用户B,我不知道该怎么面对这个挑战。,text
2024-12-18 18:15:26,用户A,相信自己，你一定可以克服这个挑战。,text
2024-08-26 18:48:23,用户B,我不知道该怎么继续下去了。,text
2025-02-24 23:06:03,用户A,相信自己，你一定可以克服这个挑战。,text
2025-01-29 07:48:34,用户B,我觉得自己好像什么都做不好。,text
2024-05-04 14:12:18,用户A,每一次挫折都是成长的机会，别灰心。,text
2024-05-19 15:36:52,用户B,我好像总是做不好，很沮丧。,text
2024-07-08 20:13:07,用户A,每一次挫折都是成长的机会，别灰心。,text
2024-11-01 21:35:38,用户B,我不知道该怎么解决这个问题。,text
2024-08-23 13:47:43,用户A,别担心，一切都会好起来的。,text
2024-09-16 22:28:07,用户B,我感觉自己很失败，很无助。,text
2024-07-28 17:24:48,用户A,别担心，一切都会好起来的。,text
2024-05-14 18:53:47,用户B,我觉得自己好像什么都做不好。,text
2024-09-27 02:12:51,用户A,相信自己，你一定可以克服这个挑战。,text
2024-07-23 13:16:53,用户B,我不知道该怎么面对这个挑战。,text
2025-02-21 00:05:07,用户A,无论遇到什么困难，我都会在你身边。,text
2024-08-17 00:38:54,用户B,我不知道该怎么解决这个问题。,text
2024-04-17 13:26:44,用户A,相信自己，你一定可以克服这个挑战。,text
2024-08-20 06:42:55,用户B,我感觉很累，有点想放弃了。,text
2024-11-27 14:50:31,用户A,别担心，一切都会好起来的。,text
2024-04-12 18:51:10,用户B,我不知道该怎么解决这个问题。,text
2024-09-23 02:12:33,用户A,我会一直支持你，无论发生什么。,text
2024-11-25 11:58:20,用户B,我好像总是做不好，很沮丧。,text
2025-01-22 05:41:46,用户A,你已经做得很棒了，继续加油！,text
2025-01-10 02:01:01,用户B,我感觉自己很失败，很无助。,text
2024-06-17 10:40:08,用户A,无论遇到什么困难，我都会在你身边。,text
2024-06-24 12:10:13,用户B,我不知道该怎么解决这个问题。,text
2024-09-23 02:42:09,用户A,困难只是暂时的，未来会更美好。,text
2024-04-02 02:07:58,用户B,我不知道该怎么面对这个挑战。,text
2024-05-17 10:42:53,用户A,相信自己，你一定可以克服这个挑战。,text
2024-10-14 06:04:37,用户B,最近工作压力很大，有点撑不住了。,text
2024-11-18 00:42:14,用户A,你已经比昨天进步了很多，继续前进吧。,text
2024-11-09 10:23:24,用户B,我感觉很迷茫，不知道该怎么办。,text
2024-08-03 23:30:37,用户A,你比你想象的要坚强得多。,text
2024-06-29 09:43:24,用户B,我感觉很累，有点想放弃了。,text
2025-01-17 20:55:06,用户A,困难只是暂时的，未来会更美好。,text
2024-07-08 15:32:44,用户B,我觉得自己好像被困住了。,text
2024-09-25 23:23:14,用户A,困难只是暂时的，未来会更美好。,text
2024-10-03 17:09:53,用户B,最近工作压力很大，有点撑不住了。,text
2024-09-18 10:32:34,用户A,每一次挫折都是成长的机会，别灰心。,text
2024-03-22 14:49:00,用户B,我觉得自己好像被困住了。,text
2024-11-03 17:09:25,用户A,困难只是暂时的，未来会更美好。,text
2024-07-01 05:26:14,用户B,我感觉自己很失败，很无助。,text
2024-05-27 06:58:47,用户A,困难只是暂时的，未来会更美好。,text
2024-08-12 18:27:30,用户B,我不知道该怎么继续下去了。,text
2025-01-02 07:29:47,用户A,每一次挫折都是成长的机会，别灰心。,text
2025-01-01 23:50:53,用户B,我感觉自己很失败，很无助。,text
2024-12-10 22:26:21,用户A,每一次挫折都是成长的机会，别灰心。,text
2024-09-01 11:34:09,用户B,最近工作压力很大，有点撑不住了。,text
2025-01-26 12:25:29,用户A,别担心，一切都会好起来的。,text
2024-09-25 18:32:38,用户B,我觉得自己好像被困住了。,text
2025-02-26 15:21:54,用户A,慢慢来，不要给自己太大压力。,text
2024-11-30 05:28:58,用户B,我感觉很迷茫，不知道该怎么办。,text
2024-10-08 15:24:12,用户A,别担心，一切都会好起来的。,text
2024-08-11 03:29:42,用户B,我感觉很迷茫，不知道该怎么办。,text
2024-12-09 22:55:27,用户A,你已经比昨天进步了很多，继续前进吧。,text
2024-09-12 15:14:50,用户B,我不知道该怎么继续下去了。,text
2024-04-17 19:33:06,用户A,每一次挫折都是成长的机会，别灰心。,text
2024-05-22 08:14:21,用户B,我不知道该怎么解决这个问题。,text
2024-04-04 05:30:10,用户A,我会一直支持你，无论发生什么。,text
2024-04-28 09:54:08,用户B,我好像总是做不好，很沮丧。,text
2025-02-19 19:30:04,用户A,相信自己，你一定可以克服这个挑战。,text
2024-09-02 11:40:20,用户B,我感觉很迷茫，不知道该怎么办。,text
2024-05-13 10:12:26,用户A,你已经比昨天进步了很多，继续前进吧。,text
2025-02-07 17:32:41,用户B,我觉得自己好像被困住了。,text
2024-06-29 09:16:04,用户A,无论遇到什么困难，我都会在你身边。,text
2024-06-29 18:34:52,用户B,我感觉自己很失败，很无助。,text
2024-06-11 21:34:28,用户A,每一次挫折都是成长的机会，别灰心。,text
2024-07-24 04:43:03,用户B,我不知道该怎么面对这个挑战。,text
2024-08-10 06:40:47,用户A,无论遇到什么困难，我都会在你身边。,text
2025-01-05 02:05:10,用户B,我感觉很迷茫，不知道该怎么办。,text
2024-10-14 05:00:34,用户A,慢慢来，不要给自己太大压力。,text
2025-02-23 07:40:42,用户B,最近工作压力很大，有点撑不住了。,text
2024-06-24 02:37:53,用户A,每一次挫折都是成长的机会，别灰心。,text
2024-04-04 02:14:16,用户B,我感觉很迷茫，不知道该怎么办。,text
2024-08-17 15:21:47,用户A,你已经比昨天进步了很多，继续前进吧。,text
2024-11-02 02:40:08,用户B,我觉得自己好像被困住了。,text
2024-08-06 10:06:56,用户A,别担心，一切都会好起来的。,text
2024-11-25 20:38:37,用户B,我不知道该怎么面对这个挑战。,text
2024-06-19 07:54:55,用户A,相信自己，你一定可以克服这个挑战。,text
2024-03-16 02:37:23,用户B,最近工作压力很大，有点撑不住了。,text
2024-11-05 00:51:43,用户A,相信自己，你一定可以克服这个挑战。,text
2024-03-30 21:01:46,用户B,最近工作压力很大，有点撑不住了。,text
2024-06-30 07:02:11,用户A,别担心，一切都会好起来的。,text
2024-11-01 09:46:57,用户B,我感觉很累，有点想放弃了。,text
2024-11-29 02:48:58,用户A,困难只是暂时的，未来会更美好。,text
2024-08-25 17:31:32,用户B,我觉得自己好像被困住了。,text
2025-01-04 07:24:31,用户A,你比你想象的要坚强得多。,text
2024-08-01 22:59:42,用户B,我感觉很累，有点想放弃了。,text
2024-11-18 23:59:28,用户A,每一次挫折都是成长的机会，别灰心。,text
2025-01-02 21:58:09,用户B,我不知道该怎么面对这个挑战。,text
2024-09-07 16:38:41,用户A,我会一直支持你，无论发生什么。,text
2025-01-07 06:17:07,用户B,我感觉很迷茫，不知道该怎么办。,text
2024-03-12 23:33:58,用户A,你已经比昨天进步了很多，继续前进吧。,text
2025-01-22 00:30:23,用户B,我觉得自己好像被困住了。,text
2025-02-25 07:40:59,用户A,我会一直支持你，无论发生什么。,text
2024-11-27 11:07:28,用户B,最近工作压力很大，有点撑不住了。,text
2024-12-05 05:01:35,用户A,你已经比昨天进步了很多，继续前进吧。,text
2024-09-15 03:12:33,用户B,我不知道该怎么面对这个挑战。,text
2024-12-06 04:36:59,用户A,慢慢来，不要给自己太大压力。,text
2024-03-25 07:57:03,用户B,我好像总是做不好，很沮丧。,text
2024-05-22 13:06:53,用户A,困难只是暂时的，未来会更美好。,text
2024-04-16 12:38:41,用户B,我感觉很累，有点想放弃了。,text
2024-09-17 07:45:43,用户A,无论遇到什么困难，我都会在你身边。,text
2024-06-09 00:45:14,用户B,我不知道该怎么继续下去了。,text
2024-09-16 21:26:11,用户A,我会一直支持你，无论发生什么。,text
2024-09-11 13:44:06,用户B,最近工作压力很大，有点撑不住了。,text
2024-12-03 08:01:14,用户A,无论遇到什么困难，我都会在你身边。,text
2024-05-08 12:35:13,用户B,我感觉自己很失败，很无助。,text
2024-06-27 14:26:08,用户A,相信自己，你一定可以克服这个挑战。,text
2024-06-02 18:20:45,用户B,我感觉很迷茫，不知道该怎么办。,text
2024-12-09 21:48:42,用户A,你已经做得很棒了，继续加油！,text
2024-09-06 16:45:50,用户B,我感觉自己很失败，很无助。,text
2024-04-09 09:18:38,用户A,你已经比昨天进步了很多，继续前进吧。,text
2024-06-12 00:39:29,用户B,我不知道该怎么继续下去了。,text
2025-01-05 07:40:22,用户A,慢慢来，不要给自己太大压力。,text
2024-05-19 08:03:56,用户B,我感觉自己很失败，很无助。,text
2024-08-06 16:44:38,用户A,你比你想象的要坚强得多。,text
2024-10-30 18:21:12,用户B,我感觉很迷茫，不知道该怎么办。,text
2024-12-12 22:22:25,用户A,你已经比昨天进步了很多，继续前进吧。,text
2024-05-07 03:28:24,用户B,我觉得自己好像什么都做不好。,text
2025-02-09 12:16:39,用户A,每一次挫折都是成长的机会，别灰心。,text
2024-09-18 19:01:06,用户B,我不知道该怎么解决这个问题。,text
2024-05-03 20:17:34,用户A,你比你想象的要坚强得多。,text
2024-06-08 14:47:58,用户B,我好像总是做不好，很沮丧。,text
2024-12-22 02:05:48,用户A,你比你想象的要坚强得多。,text
2024-04-19 16:54:47,用户B,我觉得自己好像被困住了。,text
2024-03-15 04:55:07,用户A,每一次挫折都是成长的机会，别灰心。,text
2024-07-15 18:04:46,用户B,我感觉自己很失败，很无助。,text
2024-06-16 21:06:14,用户A,你已经比昨天进步了很多，继续前进吧。,text
2024-10-29 05:33:53,用户B,我感觉自己很失败，很无助。,text
2024-12-28 01:25:58,用户A,相信自己，你一定可以克服这个挑战。,text
2024-04-13 21:12:50,用户B,我感觉很累，有点想放弃了。,text
2024-11-10 09:18:39,用户A,你比你想象的要坚强得多。,text
2025-02-20 04:33:59,用户B,我感觉很累，有点想放弃了。,text
2024-09-12 08:46:12,用户A,慢慢来，不要给自己太大压力。,text
2024-09-06 19:06:25,用户B,我觉得自己好像什么都做不好。,text
2025-01-22 03:42:30,用户A,相信自己，你一定可以克服这个挑战。,text
2024-07-13 07:08:03,用户B,我不知道该怎么解决这个问题。,text
2024-05-14 11:08:19,用户A,你已经比昨天进步了很多，继续前进吧。,text
2024-08-06 22:25:44,用户B,我觉得自己好像被困住了。,text
2024-03-31 09:26:15,用户A,无论遇到什么困难，我都会在你身边。,text
2024-06-12 00:24:51,用户B,我不知道该怎么面对这个挑战。,text
2024-07-11 11:28:04,用户A,每一次挫折都是成长的机会，别灰心。,text
2024-05-07 21:06:05,用户B,最近工作压力很大，有点撑不住了。,text
2024-06-25 00:58:52,用户A,每一次挫折都是成长的机会，别灰心。,text
2024-04-30 04:58:33,用户B,我感觉很迷茫，不知道该怎么办。,text
2024-12-09 23:27:21,用户A,你比你想象的要坚强得多。,text
2024-07-21 19:33:04,用户B,我感觉很迷茫，不知道该怎么办。,text
2024-09-21 03:14:30,用户A,困难只是暂时的，未来会更美好。,text
2024-08-22 09:25:29,用户B,我不知道该怎么解决这个问题。,text
2024-11-09 11:49:15,用户A,你比你想象的要坚强得多。,text
2025-02-22 04:22:33,用户B,我不知道该怎么继续下去了。,text
2024-12-08 16:12:39,用户A,无论遇到什么困难，我都会在你身边。,text
2024-12-24 04:53:47,用户B,我好像总是做不好，很沮丧。,text
2025-02-23 01:56:28,用户A,你比你想象的要坚强得多。,text
2025-02-04 16:44:03,用户B,我不知道该怎么继续下去了。,text
2024-03-08 23:57:06,用户A,你已经比昨天进步了很多，继续前进吧。,text
2024-07-19 21:55:02,用户B,我不知道该怎么继续下去了。,text
2024-07-12 18:12:12,用户A,我会一直支持你，无论发生什么。,text
2024-03-29 05:26:10,用户B,最近工作压力很大，有点撑不住了。,text
2024-03-15 00:46:03,用户A,困难只是暂时的，未来会更美好。,text
2024-04-24 10:43:37,用户B,我不知道该怎么面对这个挑战。,text
2024-11-27 14:39:03,用户A,我会一直支持你，无论发生什么。,text
2024-08-11 07:56:13,用户B,我感觉自己很失败，很无助。,text
2024-08-02 00:46:09,用户A,你比你想象的要坚强得多。,text
2024-06-08 23:48:11,用户B,我感觉很迷茫，不知道该怎么办。,text
2024-10-01 13:25:25,用户A,你已经做得很棒了，继续加油！,text
2024-09-12 14:03:15,用户B,我不知道该怎么继续下去了。,text
2024-12-14 10:09:23,用户A,你比你想象的要坚强得多。,text
2025-02-10 03:54:57,用户B,我不知道该怎么解决这个问题。,text
2024-07-21 09:54:20,用户A,别担心，一切都会好起来的。,text
2024-12-24 05:32:24,用户B,我觉得自己好像被困住了。,text
2024-12-28 16:59:20,用户A,我会一直支持你，无论发生什么。,text
2024-04-08 01:36:50,用户B,我好像总是做不好，很沮丧。,text
2024-07-29 23:12:46,用户A,无论遇到什么困难，我都会在你身边。,text
2025-01-05 21:04:45,用户B,我好像总是做不好，很沮丧。,text
2024-09-18 15:42:16,用户A,相信自己，你一定可以克服这个挑战。,text
2024-06-12 22:04:05,用户B,我好像总是做不好，很沮丧。,text
2024-07-21 19:46:46,用户A,无论遇到什么困难，我都会在你身边。,text
2024-03-25 08:04:00,用户B,我觉得自己好像什么都做不好。,text
2024-08-17 09:27:46,用户A,相信自己，你一定可以克服这个挑战。,text
2024-07-02 04:26:23,用户B,我感觉很累，有点想放弃了。,text
2025-02-20 07:29:20,用户A,你已经做得很棒了，继续加油！,text
2024-10-09 08:03:23,用户B,我觉得自己好像什么都做不好。,text
2024-08-29 20:05:07,用户A,每一次挫折都是成长的机会，别灰心。,text
2024-08-09 11:19:12,用户B,我觉得自己好像什么都做不好。,text
2024-10-04 20:55:44,用户A,困难只是暂时的，未来会更美好。,text
2024-07-11 19:25:03,用户B,我好像总是做不好，很沮丧。,text
2024-04-17 13:56:17,用户A,你比你想象的要坚强得多。,text
2024-05-28 10:41:37,用户B,我不知道该怎么解决这个问题。,text
2025-02-19 08:57:07,用户A,每一次挫折都是成长的机会，别灰心。,text
2024-04-16 10:56:33,用户B,我觉得自己好像什么都做不好。,text
2024-04-17 12:51:17,用户A,你已经做得很棒了，继续加油！,text
2024-10-15 20:13:03,用户B,我好像总是做不好，很沮丧。,text
2025-01-27 08:35:03,用户A,困难只是暂时的，未来会更美好。,text
2024-06-17 22:34:25,用户B,我觉得自己好像什么都做不好。,text
2024-03-19 13:02:05,用户A,我会一直支持你，无论发生什么。,text
2024-03-16 09:12:27,用户B,我不知道该怎么面对这个挑战。,text
2024-12-27 01:20:48,用户A,别担心，一切都会好起来的。,text
2024-07-18 08:52:12,用户B,我好像总是做不好，很沮丧。,text
2024-09-07 22:41:08,用户A,别担心，一切都会好起来的。,text
2025-02-19 08:53:55,用户B,我不知道该怎么面对这个挑战。,text
2024-03-09 02:08:42,用户A,慢慢来，不要给自己太大压力。,text
2024-05-13 16:11:03,用户B,我感觉自己很失败，很无助。,text
2024-12-06 02:54:41,用户A,你比你想象的要坚强得多。,text
2024-07-02 11:22:38,用户B,我感觉很迷茫，不知道该怎么办。,text
2024-05-24 14:46:21,用户A,每一次挫折都是成长的机会，别灰心。,text
2024-11-09 10:58:12,用户B,我不知道该怎么继续下去了。,text
2024-06-01 04:26:16,用户A,别担心，一切都会好起来的。,text
2024-05-07 14:46:35,用户B,我感觉自己很失败，很无助。,text
2024-05-12 19:12:25,用户A,无论遇到什么困难，我都会在你身边。,text
2024-03-30 05:38:55,用户B,我不知道该怎么继续下去了。,text
2024-05-25 02:41:56,用户A,你已经比昨天进步了很多，继续前进吧。,text
2025-01-19 13:41:52,用户B,我好像总是做不好，很沮丧。,text
2024-04-17 22:30:36,用户A,困难只是暂时的，未来会更美好。,text
2024-06-21 19:41:10,用户B,最近工作压力很大，有点撑不住了。,text
2024-04-13 16:47:34,用户A,你已经做得很棒了，继续加油！,text
2024-06-28 04:34:00,用户B,我感觉很迷茫，不知道该怎么办。,text
2024-05-29 12:47:10,用户A,你已经做得很棒了，继续加油！,text
2024-07-31 23:31:57,用户B,我觉得自己好像被困住了。,text
2025-01-06 01:39:28,用户A,你比你想象的要坚强得多。,text
2025-02-16 04:23:07,用户B,我不知道该怎么面对这个挑战。,text
2024-03-17 09:17:17,用户A,你比你想象的要坚强得多。,text
2024-04-26 15:18:40,用户B,最近工作压力很大，有点撑不住了。,text
2024-07-08 11:57:16,用户A,你比你想象的要坚强得多。,text
2024-11-24 13:58:58,用户B,我好像总是做不好，很沮丧。,text
2024-09-05 05:26:18,用户A,相信自己，你一定可以克服这个挑战。,text
2024-11-09 04:50:14,用户B,我不知道该怎么解决这个问题。,text
2024-12-23 09:01:23,用户A,你已经比昨天进步了很多，继续前进吧。,text
2025-01-04 17:54:39,用户B,最近工作压力很大，有点撑不住了。,text
2024-05-26 17:49:34,用户A,你已经做得很棒了，继续加油！,text
2024-04-30 01:51:23,用户B,我觉得自己好像被困住了。,text
2024-12-02 03:38:04,用户A,慢慢来，不要给自己太大压力。,text
2024-09-01 20:16:51,用户B,最近工作压力很大，有点撑不住了。,text
2025-02-28 18:51:34,用户A,你已经做得很棒了，继续加油！,text
2024-04-30 01:06:11,用户B,我不知道该怎么面对这个挑战。,text
2024-10-12 05:11:48,用户A,无论遇到什么困难，我都会在你身边。,text
2024-03-25 21:13:17,用户B,我感觉自己很失败，很无助。,text
2025-01-14 13:04:18,用户A,你比你想象的要坚强得多。,text
2025-01-26 15:56:28,用户B,我感觉很迷茫，不知道该怎么办。,text
2025-02-18 03:36:38,用户A,每一次挫折都是成长的机会，别灰心。,text
2024-10-28 09:52:20,用户B,我不知道该怎么继续下去了。,text
2024-04-10 16:12:08,用户A,你已经做得很棒了，继续加油！,text
2024-08-17 02:48:25,用户B,我不知道该怎么面对这个挑战。,text
2025-02-17 21:29:38,用户A,困难只是暂时的，未来会更美好。,text
2024-03-08 05:56:48,用户B,我觉得自己好像什么都做不好。,text
2024-12-15 05:11:46,用户A,慢慢来，不要给自己太大压力。,text
2025-02-12 09:22:50,用户B,我不知道该怎么面对这个挑战。,text
2024-09-15 07:25:54,用户A,你已经做得很棒了，继续加油！,text
2024-04-21 07:57:46,用户B,我感觉很累，有点想放弃了。,text
2024-12-05 17:05:53,用户A,慢慢来，不要给自己太大压力。,text
2024-03-25 17:59:29,用户B,我不知道该怎么继续下去了。,text
2024-11-01 23:17:43,用户A,你已经比昨天进步了很多，继续前进吧。,text
2024-11-09 04:37:39,用户B,我觉得自己好像什么都做不好。,text
2024-04-05 13:07:49,用户A,你已经比昨天进步了很多，继续前进吧。,text
2024-12-31 19:25:56,用户B,我觉得自己好像什么都做不好。,text
2024-06-02 05:07:52,用户A,别担心，一切都会好起来的。,text
2024-12-19 04:53:53,用户B,我觉得自己好像被困住了。,text
2024-04-28 11:42:27,用户A,相信自己，你一定可以克服这个挑战。,text
2024-06-19 15:02:31,用户B,我好像总是做不好，很沮丧。,text
2025-01-10 05:59:37,用户A,你已经做得很棒了，继续加油！,text
2024-07-21 14:36:06,用户B,我觉得自己好像被困住了。,text
2024-04-17 13:07:07,用户A,你已经比昨天进步了很多，继续前进吧。,text
2024-04-16 11:53:53,用户B,我不知道该怎么解决这个问题。,text
2024-10-29 10:45:40,用户A,困难只是暂时的，未来会更美好。,text
2025-01-07 20:50:21,用户B,我不知道该怎么继续下去了。,text
2024-07-30 04:17:00,用户A,困难只是暂时的，未来会更美好。,text
2024-03-18 01:40:46,用户B,我不知道该怎么解决这个问题。,text
2025-01-06 02:30:40,用户A,无论遇到什么困难，我都会在你身边。,text
2024-09-22 09:44:28,用户B,我不知道该怎么面对这个挑战。,text
2025-01-06 10:32:42,用户A,无论遇到什么困难，我都会在你身边。,text
2025-01-11 19:54:38,用户B,我感觉很累，有点想放弃了。,text
2024-03-04 00:45:25,用户A,你已经比昨天进步了很多，继续前进吧。,text
2024-11-29 20:38:07,用户B,我感觉很迷茫，不知道该怎么办。,text
2024-06-22 10:23:45,用户A,慢慢来，不要给自己太大压力。,text
2024-03-13 06:02:14,用户B,我感觉很迷茫，不知道该怎么办。,text
2024-08-19 12:07:19,用户A,相信自己，你一定可以克服这个挑战。,text
2024-05-30 19:02:50,用户B,我感觉很累，有点想放弃了。,text
2024-12-18 16:34:43,用户A,相信自己，你一定可以克服这个挑战。,text
2024-09-11 10:04:54,用户B,我不知道该怎么面对这个挑战。,text
2024-06-24 02:00:06,用户A,你比你想象的要坚强得多。,text
2024-09-24 01:38:32,用户B,我感觉很累，有点想放弃了。,text
2024-07-23 17:38:47,用户A,慢慢来，不要给自己太大压力。,text
2024-09-08 23:20:50,用户B,我不知道该怎么继续下去了。,text
2024-05-30 16:09:21,用户A,每一次挫折都是成长的机会，别灰心。,text
2024-10-06 04:10:40,用户B,我觉得自己好像什么都做不好。,text
2024-04-27 02:14:36,用户A,每一次挫折都是成长的机会，别灰心。,text
2024-10-17 20:17:14,用户B,我不知道该怎么继续下去了。,text
2024-09-15 13:00:29,用户A,每一次挫折都是成长的机会，别灰心。,text
2024-04-20 20:00:43,用户B,我感觉很迷茫，不知道该怎么办。,text
2024-04-06 23:36:02,用户A,每一次挫折都是成长的机会，别灰心。,text
2024-05-14 15:35:33,用户B,我感觉自己很失败，很无助。,text
2025-01-28 18:03:43,用户A,你已经做得很棒了，继续加油！,text
2024-04-29 00:44:51,用户B,我不知道该怎么面对这个挑战。,text
2025-02-07 17:01:41,用户A,困难只是暂时的，未来会更美好。,text
2024-11-14 20:47:39,用户B,我觉得自己好像什么都做不好。,text
2024-11-07 09:30:35,用户A,你比你想象的要坚强得多。,text
2024-08-20 01:02:30,用户B,我感觉很迷茫，不知道该怎么办。,text
2024-07-04 12:13:47,用户A,我会一直支持你，无论发生什么。,text
2024-11-07 23:06:12,用户B,我感觉很累，有点想放弃了。,text
2024-04-30 08:44:21,用户A,无论遇到什么困难，我都会在你身边。,text
2024-03-21 17:10:18,用户B,我觉得自己好像被困住了。,text
2024-07-18 13:37:34,用户A,你比你想象的要坚强得多。,text
2024-03-05 21:18:52,用户B,我不知道该怎么解决这个问题。,text
2024-04-26 07:02:21,用户A,相信自己，你一定可以克服这个挑战。,text
2025-01-02 05:13:41,用户B,我觉得自己好像被困住了。,text
2024-06-10 05:02:53,用户A,我会一直支持你，无论发生什么。,text
2024-12-29 12:54:30,用户B,最近工作压力很大，有点撑不住了。,text
2024-08-27 19:14:16,用户A,无论遇到什么困难，我都会在你身边。,text
2024-11-12 20:23:40,用户B,最近工作压力很大，有点撑不住了。,text
2024-05-13 12:31:47,用户A,慢慢来，不要给自己太大压力。,text
2024-12-26 02:28:45,用户B,我觉得自己好像被困住了。,text
2024-11-08 19:50:28,用户A,无论遇到什么困难，我都会在你身边。,text
2024-08-02 14:20:09,用户B,最近工作压力很大，有点撑不住了。,text
2024-09-30 05:04:45,用户A,我会一直支持你，无论发生什么。,text
2024-04-20 07:03:21,用户B,我好像总是做不好，很沮丧。,text
2024-07-05 02:59:01,用户A,每一次挫折都是成长的机会，别灰心。,text
2024-03-10 15:07:13,用户B,我不知道该怎么面对这个挑战。,text
2024-07-11 13:11:36,用户A,相信自己，你一定可以克服这个挑战。,text
2024-11-28 15:36:40,用户B,我不知道该怎么继续下去了。,text
2024-08-18 08:13:41,用户A,慢慢来，不要给自己太大压力。,text
2024-07-22 13:04:32,用户B,我觉得自己好像什么都做不好。,text
2025-01-26 18:16:41,用户A,我会一直支持你，无论发生什么。,text
2024-07-27 07:40:04,用户B,我不知道该怎么解决这个问题。,text
2024-10-13 05:18:20,用户A,困难只是暂时的，未来会更美好。,text
2025-02-04 07:28:40,用户B,我觉得自己好像什么都做不好。,text
2024-12-02 19:12:34,用户A,困难只是暂时的，未来会更美好。,text
2024-06-02 03:15:59,用户B,我不知道该怎么继续下去了。,text
2024-03-10 03:09:10,用户A,你比你想象的要坚强得多。,text
2024-04-08 02:47:24,用户B,我不知道该怎么解决这个问题。,text
2025-01-05 13:53:59,用户A,别担心，一切都会好起来的。,text
2024-06-11 16:36:02,用户B,我不知道该怎么面对这个挑战。,text
2025-02-24 02:27:16,用户A,你已经比昨天进步了很多，继续前进吧。,text
2025-01-24 11:54:31,用户B,我觉得自己好像什么都做不好。,text
2024-05-20 00:24:13,用户A,困难只是暂时的，未来会更美好。,text
2024-10-30 12:25:05,用户B,我感觉很累，有点想放弃了。,text
2024-09-03 13:58:30,用户A,无论遇到什么困难，我都会在你身边。,text
2025-01-23 13:38:16,用户B,我感觉很累，有点想放弃了。,text
2025-02-05 03:32:54,用户A,你已经比昨天进步了很多，继续前进吧。,text
2024-11-17 08:24:10,用户B,我不知道该怎么解决这个问题。,text
2024-08-18 16:34:21,用户A,相信自己，你一定可以克服这个挑战。,text
2025-01-20 03:59:40,用户B,我好像总是做不好，很沮丧。,text
2024-08-02 11:39:53,用户A,你已经做得很棒了，继续加油！,text
2024-11-13 06:44:54,用户B,我不知道该怎么面对这个挑战。,text
2025-01-06 18:37:36,用户A,别担心，一切都会好起来的。,text
2024-06-26 19:16:02,用户B,我感觉很累，有点想放弃了。,text
2024-04-06 08:52:26,用户A,无论遇到什么困难，我都会在你身边。,text
2024-03-28 19:33:01,用户B,我觉得自己好像什么都做不好。,text
2024-06-11 21:27:21,用户A,你已经做得很棒了，继续加油！,text
2025-01-17 00:30:43,用户B,我感觉自己很失败，很无助。,text
2025-01-09 18:52:36,用户A,困难只是暂时的，未来会更美好。,text
2024-05-16 21:20:32,用户B,我不知道该怎么解决这个问题。,text
2024-08-29 23:49:51,用户A,无论遇到什么困难，我都会在你身边。,text
2024-04-13 06:39:50,用户B,我感觉很迷茫，不知道该怎么办。,text
2024-07-16 14:23:26,用户A,你已经比昨天进步了很多，继续前进吧。,text
2025-02-23 11:06:54,用户B,我觉得自己好像被困住了。,text
2024-03-22 06:11:58,用户A,困难只是暂时的，未来会更美好。,text
2025-02-28 10:11:04,用户B,我不知道该怎么解决这个问题。,text
2024-04-09 13:50:10,用户A,你比你想象的要坚强得多。,text
2024-09-08 01:52:48,用户B,我不知道该怎么继续下去了。,text
2024-12-28 10:27:49,用户A,你已经做得很棒了，继续加油！,text
2024-04-21 04:35:17,用户B,我好像总是做不好，很沮丧。,text
2024-05-26 02:50:08,用户A,慢慢来，不要给自己太大压力。,text
2024-09-09 18:31:08,用户B,我不知道该怎么继续下去了。,text
2024-10-25 09:32:16,用户A,慢慢来，不要给自己太大压力。,text
2024-05-08 22:40:47,用户B,我不知道该怎么面对这个挑战。,text
2024-09-15 14:17:34,用户A,无论遇到什么困难，我都会在你身边。,text
2024-06-22 03:48:59,用户B,我感觉很迷茫，不知道该怎么办。,text
2025-01-26 08:06:49,用户A,别担心，一切都会好起来的。,text
2025-01-07 02:03:39,用户B,我感觉自己很失败，很无助。,text
2024-08-17 17:30:23,用户A,别担心，一切都会好起来的。,text
2024-11-07 01:54:39,用户B,我好像总是做不好，很沮丧。,text
2024-10-13 00:08:32,用户A,每一次挫折都是成长的机会，别灰心。,text
2024-06-09 03:02:25,用户B,最近工作压力很大，有点撑不住了。,text
2025-01-18 07:33:02,用户A,无论遇到什么困难，我都会在你身边。,text
2024-04-02 12:05:18,用户B,我不知道该怎么继续下去了。,text
2024-11-15 03:32:20,用户A,困难只是暂时的，未来会更美好。,text
2025-01-12 07:37:47,用户B,我感觉很迷茫，不知道该怎么办。,text
2025-02-27 04:07:10,用户A,别担心，一切都会好起来的。,text
2024-11-05 07:00:50,用户B,我不知道该怎么解决这个问题。,text
2024-04-27 12:12:33,用户A,我会一直支持你，无论发生什么。,text
2024-04-28 12:26:22,用户B,我好像总是做不好，很沮丧。,text
2024-09-12 14:54:45,用户A,你比你想象的要坚强得多。,text
2024-06-21 21:24:44,用户B,我觉得自己好像被困住了。,text
2024-05-07 19:16:05,用户A,每一次挫折都是成长的机会，别灰心。,text
2024-07-07 20:12:46,用户B,我不知道该怎么继续下去了。,text
2024-06-13 02:27:25,用户A,困难只是暂时的，未来会更美好。,text
2024-06-01 12:44:21,用户B,我不知道该怎么解决这个问题。,text
2025-01-09 15:34:43,用户A,相信自己，你一定可以克服这个挑战。,text
2024-12-02 21:50:00,用户B,我不知道该怎么解决这个问题。,text
2025-01-16 09:30:17,用户A,我会一直支持你，无论发生什么。,text
2024-12-26 01:45:00,用户B,我感觉很迷茫，不知道该怎么办。,text
2024-12-01 01:05:57,用户A,你已经做得很棒了，继续加油！,text
2024-06-01 20:31:14,用户B,我感觉很迷茫，不知道该怎么办。,text
2024-06-16 13:36:54,用户A,我会一直支持你，无论发生什么。,text
2025-01-26 07:16:07,用户B,我好像总是做不好，很沮丧。,text
2024-10-05 23:46:51,用户A,慢慢来，不要给自己太大压力。,text
2024-11-25 15:19:29,用户B,我好像总是做不好，很沮丧。,text
2024-09-08 05:03:54,用户A,你比你想象的要坚强得多。,text
2024-08-11 16:56:11,用户B,我觉得自己好像什么都做不好。,text
2025-02-11 03:13:02,用户A,相信自己，你一定可以克服这个挑战。,text
2024-07-11 20:14:08,用户B,我好像总是做不好，很沮丧。,text
2024-12-15 07:11:19,用户A,我会一直支持你，无论发生什么。,text
2024-05-04 03:27:38,用户B,我感觉自己很失败，很无助。,text
2024-12-07 14:52:32,用户A,每一次挫折都是成长的机会，别灰心。,text
2024-08-14 05:18:18,用户B,我感觉很累，有点想放弃了。,text
2024-09-11 01:36:27,用户A,慢慢来，不要给自己太大压力。,text
2024-06-26 06:27:59,用户B,最近工作压力很大，有点撑不住了。,text
2024-04-10 15:06:09,用户A,每一次挫折都是成长的机会，别灰心。,text
2024-09-29 10:56:47,用户B,我觉得自己好像什么都做不好。,text
2024-08-12 12:37:01,用户A,别担心，一切都会好起来的。,text
2024-06-08 13:44:56,用户B,我觉得自己好像什么都做不好。,text
2024-06-15 10:18:46,用户A,你已经做得很棒了，继续加油！,text
2024-11-06 11:03:43,用户B,我感觉很累，有点想放弃了。,text
2024-05-18 23:49:02,用户A,你已经比昨天进步了很多，继续前进吧。,text
2024-09-23 20:49:08,用户B,我好像总是做不好，很沮丧。,text
2025-01-17 00:55:25,用户A,你已经做得很棒了，继续加油！,text
2025-02-20 14:21:23,用户B,我不知道该怎么面对这个挑战。,text
2024-03-07 08:32:01,用户A,慢慢来，不要给自己太大压力。,text
2025-02-10 13:45:54,用户B,我感觉很迷茫，不知道该怎么办。,text
2024-09-24 20:31:19,用户A,每一次挫折都是成长的机会，别灰心。,text
2024-05-29 02:30:58,用户B,我感觉很迷茫，不知道该怎么办。,text
2024-08-15 06:36:46,用户A,你已经比昨天进步了很多，继续前进吧。,text
2024-12-23 03:01:48,用户B,我感觉自己很失败，很无助。,text
2025-01-27 11:51:57,用户A,无论遇到什么困难，我都会在你身边。,text
2024-12-27 01:25:01,用户B,我感觉很迷茫，不知道该怎么办。,text
2025-02-18 19:01:29,用户A,困难只是暂时的，未来会更美好。,text
2024-03-14 18:16:03,用户B,我不知道该怎么解决这个问题。,text
2024-03-14 05:07:01,用户A,无论遇到什么困难，我都会在你身边。,text
2024-08-16 10:01:42,用户B,我感觉自己很失败，很无助。,text
2024-08-11 00:30:19,用户A,你已经做得很棒了，继续加油！,text
2024-11-02 01:55:59,用户B,我感觉很迷茫，不知道该怎么办。,text
2024-04-20 07:17:42,用户A,别担心，一切都会好起来的。,text
2024-06-06 08:14:46,用户B,我不知道该怎么解决这个问题。,text
2024-07-08 00:53:59,用户A,慢慢来，不要给自己太大压力。,text
2025-02-14 08:12:11,用户B,我感觉很累，有点想放弃了。,text
2025-01-23 03:08:55,用户A,相信自己，你一定可以克服这个挑战。,text
2025-02-28 11:17:17,用户B,我不知道该怎么解决这个问题。,text
2024-07-18 04:07:48,用户A,每一次挫折都是成长的机会，别灰心。,text
2024-04-24 02:37:44,用户B,我觉得自己好像被困住了。,text
2024-08-12 15:27:57,用户A,我会一直支持你，无论发生什么。,text
2024-05-12 02:13:46,用户B,我觉得自己好像被困住了。,text
2024-03-25 13:54:02,用户A,你比你想象的要坚强得多。,text
2024-09-12 07:05:21,用户B,我觉得自己好像被困住了。,text
2024-03-12 17:32:51,用户A,相信自己，你一定可以克服这个挑战。,text
2025-01-24 15:17:52,用户B,我感觉自己很失败，很无助。,text
2024-10-15 10:50:43,用户A,慢慢来，不要给自己太大压力。,text
2024-05-31 14:20:13,用户B,我感觉很迷茫，不知道该怎么办。,text
2025-02-24 15:19:46,用户A,你已经做得很棒了，继续加油！,text
2025-01-23 12:09:57,用户B,最近工作压力很大，有点撑不住了。,text
2024-08-31 17:44:03,用户A,每一次挫折都是成长的机会，别灰心。,text
2024-05-14 07:29:26,用户B,我不知道该怎么解决这个问题。,text
2024-05-26 03:24:26,用户A,困难只是暂时的，未来会更美好。,text
2024-09-25 13:25:05,用户B,我觉得自己好像被困住了。,text
2024-06-14 04:44:16,用户A,你已经做得很棒了，继续加油！,text
2024-09-04 00:12:19,用户B,我不知道该怎么解决这个问题。,text
2025-01-03 06:49:01,用户A,相信自己，你一定可以克服这个挑战。,text
2025-01-05 15:56:49,用户B,我感觉很迷茫，不知道该怎么办。,text
2025-01-25 00:07:40,用户A,你已经比昨天进步了很多，继续前进吧。,text
2025-02-16 02:26:33,用户B,我感觉很迷茫，不知道该怎么办。,text
2024-03-24 13:57:50,用户A,别担心，一切都会好起来的。,text
2024-07-04 15:57:40,用户B,我不知道该怎么面对这个挑战。,text
2024-09-16 07:56:41,用户A,你已经做得很棒了，继续加油！,text
2024-12-14 03:44:54,用户B,我好像总是做不好，很沮丧。,text
2024-10-27 03:35:59,用户A,慢慢来，不要给自己太大压力。,text
2024-10-15 15:36:02,用户B,我觉得自己好像被困住了。,text
2024-08-16 14:44:54,用户A,相信自己，你一定可以克服这个挑战。,text
2024-09-05 03:33:16,用户B,我好像总是做不好，很沮丧。,text
2024-08-09 06:58:07,用户A,你比你想象的要坚强得多。,text
2024-11-23 16:36:57,用户B,我不知道该怎么面对这个挑战。,text
2024-09-27 11:24:10,用户A,别担心，一切都会好起来的。,text
2024-06-28 17:15:34,用户B,我感觉很累，有点想放弃了。,text
2024-11-04 12:29:05,用户A,我会一直支持你，无论发生什么。,text
2024-09-14 02:04:18,用户B,我不知道该怎么解决这个问题。,text
2025-01-17 16:40:27,用户A,慢慢来，不要给自己太大压力。,text
2024-04-25 02:40:52,用户B,我觉得自己好像什么都做不好。,text
2024-07-22 18:02:48,用户A,每一次挫折都是成长的机会，别灰心。,text
2024-07-03 23:38:03,用户B,我感觉自己很失败，很无助。,text
2024-04-03 01:27:01,用户A,每一次挫折都是成长的机会，别灰心。,text
2024-12-07 17:27:07,用户B,最近工作压力很大，有点撑不住了。,text
2024-11-04 07:19:17,用户A,别担心，一切都会好起来的。,text
2024-08-07 13:40:20,用户B,我觉得自己好像被困住了。,text
2024-12-03 10:30:35,用户A,你比你想象的要坚强得多。,text
2024-09-02 16:20:24,用户B,我不知道该怎么面对这个挑战。,text
2024-11-25 13:19:52,用户A,相信自己，你一定可以克服这个挑战。,text
2025-02-05 09:15:58,用户B,我不知道该怎么解决这个问题。,text
2024-06-02 03:46:27,用户A,相信自己，你一定可以克服这个挑战。,text
2025-01-23 17:32:23,用户B,我好像总是做不好，很沮丧。,text
2024-06-15 07:34:02,用户A,慢慢来，不要给自己太大压力。,text
2024-03-14 08:48:25,用户B,我觉得自己好像被困住了。,text
2024-05-30 23:51:47,用户A,我会一直支持你，无论发生什么。,text
2024-07-02 13:46:48,用户B,我感觉很迷茫，不知道该怎么办。,text
2024-06-09 02:46:31,用户A,你已经比昨天进步了很多，继续前进吧。,text
2024-07-18 14:19:49,用户B,我觉得自己好像什么都做不好。,text
2025-01-29 23:55:53,用户A,别担心，一切都会好起来的。,text
2024-06-17 06:18:19,用户B,我不知道该怎么解决这个问题。,text
2024-06-30 04:36:01,用户A,你比你想象的要坚强得多。,text
2024-04-20 18:29:08,用户B,我不知道该怎么解决这个问题。,text
2024-03-25 20:54:25,用户A,我会一直支持你，无论发生什么。,text
2025-02-24 14:14:18,用户B,我不知道该怎么继续下去了。,text
2024-03-18 18:07:19,用户A,慢慢来，不要给自己太大压力。,text
2024-11-24 06:04:11,用户B,我好像总是做不好，很沮丧。,text
2024-04-20 08:40:36,用户A,每一次挫折都是成长的机会，别灰心。,text
2025-01-30 03:19:21,用户B,我感觉很累，有点想放弃了。,text
2024-11-16 23:31:25,用户A,别担心，一切都会好起来的。,text
2024-08-16 08:56:52,用户B,我感觉自己很失败，很无助。,text
2024-08-08 00:58:26,用户A,慢慢来，不要给自己太大压力。,text
2025-01-24 04:21:23,用户B,我觉得自己好像被困住了。,text
2025-02-19 11:50:15,用户A,慢慢来，不要给自己太大压力。,text
2025-01-29 21:53:35,用户B,我觉得自己好像什么都做不好。,text
2024-06-14 11:40:43,用户A,你已经比昨天进步了很多，继续前进吧。,text
2025-01-20 10:45:38,用户B,我觉得自己好像什么都做不好。,text
2024-05-06 16:03:32,用户A,每一次挫折都是成长的机会，别灰心。,text
2024-10-18 01:40:21,用户B,我好像总是做不好，很沮丧。,text
2024-06-08 07:36:03,用户A,慢慢来，不要给自己太大压力。,text
2024-09-22 06:03:17,用户B,我觉得自己好像被困住了。,text
2024-10-23 07:38:23,用户A,无论遇到什么困难，我都会在你身边。,text
2024-09-19 13:02:34,用户B,我感觉很迷茫，不知道该怎么办。,text
2025-02-02 00:18:12,用户A,困难只是暂时的，未来会更美好。,text
2024-09-02 23:21:51,用户B,我不知道该怎么面对这个挑战。,text
2024-08-10 05:26:40,用户A,我会一直支持你，无论发生什么。,text
2024-09-11 15:29:31,用户B,我好像总是做不好，很沮丧。,text
2024-10-30 00:52:37,用户A,每一次挫折都是成长的机会，别灰心。,text
2025-01-02 21:53:35,用户B,我不知道该怎么继续下去了。,text
2024-07-11 22:18:49,用户A,你已经比昨天进步了很多，继续前进吧。,text
2024-08-05 05:20:35,用户B,我感觉自己很失败，很无助。,text
2024-12-15 21:09:51,用户A,你已经做得很棒了，继续加油！,text
2024-10-21 08:17:09,用户B,我感觉很累，有点想放弃了。,text
2025-01-22 04:51:22,用户A,你比你想象的要坚强得多。,text
2024-12-19 03:13:29,用户B,我不知道该怎么面对这个挑战。,text
2024-09-29 00:14:55,用户A,你已经比昨天进步了很多，继续前进吧。,text
2025-01-02 19:13:38,用户B,我感觉很累，有点想放弃了。,text
2024-07-31 11:37:31,用户A,你已经做得很棒了，继续加油！,text
2025-01-15 12:27:57,用户B,我感觉自己很失败，很无助。,text
2025-02-23 15:09:04,用户A,你已经做得很棒了，继续加油！,text
2024-03-28 16:36:57,用户B,最近工作压力很大，有点撑不住了。,text
2024-07-05 12:14:07,用户A,无论遇到什么困难，我都会在你身边。,text
2024-03-06 07:39:24,用户B,我不知道该怎么面对这个挑战。,text
2024-07-31 12:52:26,用户A,你已经比昨天进步了很多，继续前进吧。,text
2024-09-28 16:52:27,用户B,我好像总是做不好，很沮丧。,text
2024-09-16 04:19:28,用户A,每一次挫折都是成长的机会，别灰心。,text
2024-06-13 19:56:22,用户B,我感觉自己很失败，很无助。,text
2024-05-11 21:14:20,用户A,无论遇到什么困难，我都会在你身边。,text
2024-03-12 03:41:48,用户B,我好像总是做不好，很沮丧。,text
2024-08-01 18:48:46,用户A,我会一直支持你，无论发生什么。,text
2024-08-12 19:08:34,用户B,我觉得自己好像被困住了。,text
2025-01-30 02:43:40,用户A,每一次挫折都是成长的机会，别灰心。,text
2024-03-26 18:59:13,用户B,我觉得自己好像被困住了。,text
2024-09-28 01:43:43,用户A,每一次挫折都是成长的机会，别灰心。,text
2024-05-23 10:25:17,用户B,我不知道该怎么面对这个挑战。,text
2024-12-01 23:48:00,用户A,你已经做得很棒了，继续加油！,text
2024-03-06 23:31:26,用户B,我不知道该怎么解决这个问题。,text
2024-06-11 22:23:07,用户A,我会一直支持你，无论发生什么。,text
2024-09-19 23:58:55,用户B,我不知道该怎么面对这个挑战。,text
2024-10-08 06:27:26,用户A,每一次挫折都是成长的机会，别灰心。,text
2024-03-06 16:47:41,用户B,我感觉很累，有点想放弃了。,text
2024-12-17 01:44:58,用户A,你已经做得很棒了，继续加油！,text
2024-11-02 19:53:59,用户B,我不知道该怎么解决这个问题。,text
2024-08-25 14:39:02,用户A,你已经比昨天进步了很多，继续前进吧。,text
2024-07-17 16:59:51,用户B,我不知道该怎么面对这个挑战。,text
2024-12-04 03:40:18,用户A,相信自己，你一定可以克服这个挑战。,text
2025-01-13 01:04:00,用户B,我好像总是做不好，很沮丧。,text
2024-05-15 01:59:39,用户A,别担心，一切都会好起来的。,text
2024-05-10 22:47:59,用户B,我不知道该怎么面对这个挑战。,text
2024-07-02 09:18:05,用户A,每一次挫折都是成长的机会，别灰心。,text
2024-08-02 03:29:07,用户B,我觉得自己好像被困住了。,text
2024-06-06 20:13:39,用户A,你比你想象的要坚强得多。,text
2024-04-20 12:47:25,用户B,我觉得自己好像被困住了。,text
2024-06-04 11:08:51,用户A,相信自己，你一定可以克服这个挑战。,text
2024-07-21 10:46:23,用户B,我感觉很累，有点想放弃了。,text
2024-04-18 13:31:57,用户A,你已经比昨天进步了很多，继续前进吧。,text
2025-02-21 07:15:23,用户B,我感觉很迷茫，不知道该怎么办。,text
2024-09-10 15:31:39,用户A,无论遇到什么困难，我都会在你身边。,text
2024-10-07 03:12:01,用户B,我感觉很累，有点想放弃了。,text
2024-09-20 00:08:17,用户A,相信自己，你一定可以克服这个挑战。,text
2024-05-10 12:13:41,用户B,我不知道该怎么面对这个挑战。,text
2024-12-13 07:08:55,用户A,你比你想象的要坚强得多。,text
2025-01-11 19:46:25,用户B,我感觉自己很失败，很无助。,text
2024-10-01 07:56:04,用户A,慢慢来，不要给自己太大压力。,text
2024-07-12 02:03:11,用户B,我感觉自己很失败，很无助。,text
2025-02-20 05:13:16,用户A,你比你想象的要坚强得多。,text
2024-11-23 00:34:35,用户B,我感觉自己很失败，很无助。,text
2024-06-13 18:41:41,用户A,你已经做得很棒了，继续加油！,text
2024-10-15 23:41:37,用户B,我不知道该怎么继续下去了。,text
2024-07-25 00:34:00,用户A,无论遇到什么困难，我都会在你身边。,text
2024-10-10 07:32:26,用户B,我感觉自己很失败，很无助。,text
2024-06-27 13:27:40,用户A,慢慢来，不要给自己太大压力。,text
2024-10-30 22:04:50,用户B,最近工作压力很大，有点撑不住了。,text
2024-11-19 06:55:30,用户A,你已经做得很棒了，继续加油！,text
2024-07-19 07:25:11,用户B,我感觉自己很失败，很无助。,text
2024-08-14 03:42:53,用户A,别担心，一切都会好起来的。,text
2024-11-07 13:00:56,用户B,我好像总是做不好，很沮丧。,text
2024-10-09 21:59:12,用户A,慢慢来，不要给自己太大压力。,text
2025-02-28 09:49:41,用户B,最近工作压力很大，有点撑不住了。,text
2024-07-24 04:03:06,用户A,你已经做得很棒了，继续加油！,text
2025-01-16 17:04:55,用户B,我感觉很累，有点想放弃了。,text
2025-01-03 05:03:27,用户A,无论遇到什么困难，我都会在你身边。,text
2025-01-07 04:03:06,用户B,我不知道该怎么面对这个挑战。,text
2024-03-23 10:03:56,用户A,困难只是暂时的，未来会更美好。,text
2024-10-18 08:19:00,用户B,我觉得自己好像什么都做不好。,text
2024-06-09 10:46:13,用户A,你比你想象的要坚强得多。,text
2025-02-15 00:27:00,用户B,我不知道该怎么解决这个问题。,text
2025-01-07 18:30:12,用户A,困难只是暂时的，未来会更美好。,text
2024-06-19 11:06:35,用户B,我感觉很迷茫，不知道该怎么办。,text
2024-09-22 21:34:08,用户A,慢慢来，不要给自己太大压力。,text
2024-10-07 14:24:16,用户B,我不知道该怎么继续下去了。,text
2025-01-02 12:51:04,用户A,你已经比昨天进步了很多，继续前进吧。,text
2024-05-04 20:38:24,用户B,我不知道该怎么解决这个问题。,text
2025-02-24 03:54:18,用户A,别担心，一切都会好起来的。,text
2024-10-17 09:55:31,用户B,我感觉很累，有点想放弃了。,text
2024-12-14 19:33:00,用户A,慢慢来，不要给自己太大压力。,text
2025-02-06 02:31:42,用户B,我感觉很迷茫，不知道该怎么办。,text
2024-10-21 02:36:26,用户A,困难只是暂时的，未来会更美好。,text
2024-12-17 17:17:35,用户B,我不知道该怎么继续下去了。,text
2025-01-23 13:35:18,用户A,别担心，一切都会好起来的。,text
2024-03-11 23:18:23,用户B,我觉得自己好像什么都做不好。,text
2024-06-26 07:05:56,用户A,别担心，一切都会好起来的。,text
2024-08-21 10:58:39,用户B,我感觉自己很失败，很无助。,text
2024-07-27 09:23:54,用户A,慢慢来，不要给自己太大压力。,text
2024-06-10 02:47:58,用户B,最近工作压力很大，有点撑不住了。,text
2024-09-06 20:59:04,用户A,你比你想象的要坚强得多。,text
2024-06-04 08:04:09,用户B,我好像总是做不好，很沮丧。,text
2024-04-23 22:05:56,用户A,相信自己，你一定可以克服这个挑战。,text
2025-02-02 14:33:39,用户B,我好像总是做不好，很沮丧。,text
2024-08-16 04:49:05,用户A,慢慢来，不要给自己太大压力。,text
2024-05-27 05:33:55,用户B,最近工作压力很大，有点撑不住了。,text
2025-02-11 21:36:37,用户A,相信自己，你一定可以克服这个挑战。,text
2025-02-23 14:45:59,用户B,我觉得自己好像什么都做不好。,text
2024-10-14 09:09:24,用户A,我会一直支持你，无论发生什么。,text
2024-05-07 01:57:23,用户B,我不知道该怎么继续下去了。,text
2024-03-09 20:42:11,用户A,相信自己，你一定可以克服这个挑战。,text
2024-10-23 05:22:46,用户B,我感觉很累，有点想放弃了。,text
2024-12-12 01:41:31,用户A,我会一直支持你，无论发生什么。,text
2024-12-08 02:39:17,用户B,我好像总是做不好，很沮丧。,text
2024-09-13 14:26:44,用户A,每一次挫折都是成长的机会，别灰心。,text
2024-08-27 00:05:25,用户B,最近工作压力很大，有点撑不住了。,text
2024-11-15 02:11:17,用户A,你比你想象的要坚强得多。,text
2024-08-11 21:23:54,用户B,我感觉很累，有点想放弃了。,text
2024-05-24 23:00:42,用户A,我会一直支持你，无论发生什么。,text
2024-03-26 02:40:10,用户B,我感觉很迷茫，不知道该怎么办。,text
2024-05-20 07:43:57,用户A,慢慢来，不要给自己太大压力。,text
2025-01-26 11:18:07,用户B,我不知道该怎么继续下去了。,text
2024-04-07 03:33:24,用户A,别担心，一切都会好起来的。,text
2024-10-14 16:48:39,用户B,我感觉很累，有点想放弃了。,text
2025-01-07 15:33:59,用户A,相信自己，你一定可以克服这个挑战。,text
2024-03-24 02:05:21,用户B,我好像总是做不好，很沮丧。,text
2024-07-14 08:19:34,用户A,你已经比昨天进步了很多，继续前进吧。,text
2024-12-09 14:35:43,用户B,我觉得自己好像被困住了。,text
2024-04-07 21:16:13,用户A,慢慢来，不要给自己太大压力。,text
2024-11-11 17:34:57,用户B,我不知道该怎么继续下去了。,text
2024-08-08 00:37:14,用户A,别担心，一切都会好起来的。,text
2024-05-09 22:22:22,用户B,我感觉很累，有点想放弃了。,text
2025-02-01 16:50:43,用户A,你比你想象的要坚强得多。,text
2024-04-27 20:59:50,用户B,我感觉很累，有点想放弃了。,text
2025-01-10 12:11:00,用户A,困难只是暂时的，未来会更美好。,text
2024-06-19 14:03:03,用户B,我好像总是做不好，很沮丧。,text
2024-08-29 08:19:15,用户A,你已经比昨天进步了很多，继续前进吧。,text
2024-05-24 00:33:00,用户B,我觉得自己好像什么都做不好。,text
2024-11-03 16:04:45,用户A,我会一直支持你，无论发生什么。,text
2024-11-23 20:01:32,用户B,我觉得自己好像什么都做不好。,text
2024-05-29 22:57:42,用户A,别担心，一切都会好起来的。,text
2024-10-30 00:10:23,用户B,我好像总是做不好，很沮丧。,text
2024-04-08 18:27:04,用户A,无论遇到什么困难，我都会在你身边。,text
2025-02-07 02:27:22,用户B,我感觉很迷茫，不知道该怎么办。,text
2024-05-25 17:15:46,用户A,你比你想象的要坚强得多。,text
2024-08-03 02:30:09,用户B,我觉得自己好像什么都做不好。,text
2024-08-31 08:57:40,用户A,无论遇到什么困难，我都会在你身边。,text
2024-08-05 10:05:14,用户B,我好像总是做不好，很沮丧。,text
2024-03-20 04:50:48,用户A,你已经比昨天进步了很多，继续前进吧。,text
2024-09-15 02:35:54,用户B,我不知道该怎么继续下去了。,text
2025-01-08 18:37:22,用户A,你比你想象的要坚强得多。,text
2024-06-22 17:35:37,用户B,我感觉自己很失败，很无助。,text
2024-11-12 16:11:53,用户A,相信自己，你一定可以克服这个挑战。,text
2024-04-26 09:08:01,用户B,我好像总是做不好，很沮丧。,text
2024-10-30 16:05:04,用户A,你已经比昨天进步了很多，继续前进吧。,text
2024-12-02 06:25:22,用户B,最近工作压力很大，有点撑不住了。,text
2024-05-26 08:23:16,用户A,别担心，一切都会好起来的。,text
2024-07-23 01:01:30,用户B,我觉得自己好像被困住了。,text
2024-07-19 10:22:11,用户A,你已经做得很棒了，继续加油！,text
2024-03-31 23:28:01,用户B,我觉得自己好像什么都做不好。,text
2024-08-04 05:00:33,用户A,我会一直支持你，无论发生什么。,text
2024-05-03 08:46:02,用户B,我好像总是做不好，很沮丧。,text
2024-05-14 00:08:54,用户A,你比你想象的要坚强得多。,text
2024-10-02 01:48:57,用户B,我感觉自己很失败，很无助。,text
2024-05-07 08:30:55,用户A,无论遇到什么困难，我都会在你身边。,text
2025-02-16 17:14:43,用户B,我好像总是做不好，很沮丧。,text
2024-12-20 18:49:57,用户A,你已经比昨天进步了很多，继续前进吧。,text
2024-09-15 12:04:36,用户B,我觉得自己好像被困住了。,text
2024-12-30 04:52:24,用户A,你已经比昨天进步了很多，继续前进吧。,text
2025-02-16 10:10:21,用户B,我不知道该怎么解决这个问题。,text
2025-02-05 21:50:14,用户A,别担心，一切都会好起来的。,text
2024-05-30 09:25:22,用户B,我不知道该怎么继续下去了。,text
2024-06-29 02:38:39,用户A,你比你想象的要坚强得多。,text
2024-06-04 20:38:06,用户B,我感觉自己很失败，很无助。,text
2024-03-25 03:28:48,用户A,无论遇到什么困难，我都会在你身边。,text
2024-07-23 18:08:05,用户B,我觉得自己好像被困住了。,text
2024-11-10 02:32:20,用户A,每一次挫折都是成长的机会，别灰心。,text
2024-06-21 22:38:12,用户B,最近工作压力很大，有点撑不住了。,text
2024-04-04 11:57:10,用户A,你已经做得很棒了，继续加油！,text
2024-12-21 08:33:29,用户B,我觉得自己好像什么都做不好。,text
2024-04-14 21:05:56,用户A,每一次挫折都是成长的机会，别灰心。,text
2024-07-04 11:47:57,用户B,我感觉自己很失败，很无助。,text
2024-10-10 01:46:31,用户A,你比你想象的要坚强得多。,text
2024-09-24 01:52:57,用户B,最近工作压力很大，有点撑不住了。,text
2024-03-20 01:50:22,用户A,你已经做得很棒了，继续加油！,text
2025-01-10 23:21:52,用户B,我不知道该怎么面对这个挑战。,text
2024-10-01 10:20:29,用户A,每一次挫折都是成长的机会，别灰心。,text
2024-03-24 12:13:20,用户B,我好像总是做不好，很沮丧。,text
2025-02-15 06:13:40,用户A,别担心，一切都会好起来的。,text
2024-03-30 09:24:21,用户B,我感觉很迷茫，不知道该怎么办。,text
2024-11-14 13:05:34,用户A,每一次挫折都是成长的机会，别灰心。,text
2025-01-01 21:22:26,用户B,最近工作压力很大，有点撑不住了。,text
2024-12-27 15:42:05,用户A,你已经比昨天进步了很多，继续前进吧。,text
2024-12-13 06:01:42,用户B,我好像总是做不好，很沮丧。,text
2025-01-06 08:22:10,用户A,每一次挫折都是成长的机会，别灰心。,text
2024-03-26 14:29:57,用户B,最近工作压力很大，有点撑不住了。,text
2025-01-22 21:41:13,用户A,相信自己，你一定可以克服这个挑战。,text
2024-07-04 22:39:07,用户B,我感觉很迷茫，不知道该怎么办。,text
2024-07-25 19:24:55,用户A,别担心，一切都会好起来的。,text
2024-05-12 02:23:25,用户B,我不知道该怎么解决这个问题。,text
2024-04-16 09:21:39,用户A,别担心，一切都会好起来的。,text
2024-08-17 20:58:42,用户B,我不知道该怎么解决这个问题。,text
2025-01-12 07:31:59,用户A,相信自己，你一定可以克服这个挑战。,text
2024-12-30 11:27:35,用户B,我感觉自己很失败，很无助。,text
2024-04-26 23:58:10,用户A,每一次挫折都是成长的机会，别灰心。,text
2024-06-08 08:09:33,用户B,我觉得自己好像被困住了。,text
2024-05-06 13:05:02,用户A,你已经做得很棒了，继续加油！,text
2024-12-01 07:26:51,用户B,我不知道该怎么继续下去了。,text
2024-12-08 14:12:30,用户A,无论遇到什么困难，我都会在你身边。,text
2024-07-02 05:39:08,用户B,我不知道该怎么解决这个问题。,text
2024-07-29 13:14:50,用户A,你已经比昨天进步了很多，继续前进吧。,text
2024-12-23 23:45:34,用户B,我觉得自己好像被困住了。,text
2024-10-24 21:04:45,用户A,我会一直支持你，无论发生什么。,text
2024-11-12 17:25:01,用户B,我不知道该怎么面对这个挑战。,text
2024-05-28 12:08:44,用户A,困难只是暂时的，未来会更美好。,text
2024-05-30 18:09:03,用户B,我觉得自己好像被困住了。,text
2024-05-14 08:13:21,用户A,我会一直支持你，无论发生什么。,text
2024-05-04 11:37:35,用户B,我不知道该怎么解决这个问题。,text
2024-06-03 17:22:35,用户A,相信自己，你一定可以克服这个挑战。,text
2024-11-17 21:51:24,用户B,我不知道该怎么继续下去了。,text
2024-11-11 04:40:46,用户A,慢慢来，不要给自己太大压力。,text
2024-08-21 15:22:59,用户B,我觉得自己好像被困住了。,text
2024-10-24 23:39:51,用户A,每一次挫折都是成长的机会，别灰心。,text
2024-04-08 04:05:50,用户B,我感觉自己很失败，很无助。,text
2024-11-11 19:32:17,用户A,慢慢来，不要给自己太大压力。,text
2024-08-21 04:38:29,用户B,我不知道该怎么面对这个挑战。,text
2024-11-18 23:44:47,用户A,相信自己，你一定可以克服这个挑战。,text
2024-04-05 04:30:23,用户B,我觉得自己好像被困住了。,text
2024-05-01 10:02:24,用户A,别担心，一切都会好起来的。,text
2024-03-03 22:05:44,用户B,我觉得自己好像被困住了。,text
2025-01-07 20:54:17,用户A,无论遇到什么困难，我都会在你身边。,text
2024-11-10 06:21:06,用户B,我不知道该怎么面对这个挑战。,text
2024-04-29 02:54:19,用户A,我会一直支持你，无论发生什么。,text
2024-10-31 07:03:44,用户B,我觉得自己好像被困住了。,text
2024-06-18 19:26:55,用户A,别担心，一切都会好起来的。,text
2024-05-22 12:36:36,用户B,我不知道该怎么面对这个挑战。,text
2024-07-21 15:45:50,用户A,无论遇到什么困难，我都会在你身边。,text
2024-05-06 12:17:33,用户B,我感觉很迷茫，不知道该怎么办。,text
2024-07-31 13:17:30,用户A,每一次挫折都是成长的机会，别灰心。,text
2024-06-16 19:26:52,用户B,我感觉很迷茫，不知道该怎么办。,text
2024-10-28 09:01:50,用户A,你已经比昨天进步了很多，继续前进吧。,text
2024-06-17 02:12:18,用户B,我感觉很迷茫，不知道该怎么办。,text
2024-09-26 11:38:26,用户A,困难只是暂时的，未来会更美好。,text
2024-07-12 12:22:58,用户B,我感觉很累，有点想放弃了。,text
2024-09-26 19:57:13,用户A,每一次挫折都是成长的机会，别灰心。,text
2024-03-08 10:03:42,用户B,我不知道该怎么继续下去了。,text
2024-05-17 08:10:45,用户A,你比你想象的要坚强得多。,text
2024-05-31 06:34:34,用户B,我好像总是做不好，很沮丧。,text
2024-06-01 08:09:33,用户A,你已经比昨天进步了很多，继续前进吧。,text
2024-11-17 23:24:02,用户B,我不知道该怎么继续下去了。,text
2024-08-14 23:53:38,用户A,慢慢来，不要给自己太大压力。,text
2024-04-13 09:22:25,用户B,我觉得自己好像什么都做不好。,text
2025-03-03 13:45:36,用户A,别担心，一切都会好起来的。,text
2024-10-19 06:19:02,用户B,我不知道该怎么面对这个挑战。,text
2024-08-06 23:50:18,用户A,每一次挫折都是成长的机会，别灰心。,text
2024-11-10 14:19:35,用户B,我感觉很累，有点想放弃了。,text
2024-08-24 03:17:14,用户A,你已经做得很棒了，继续加油！,text
2024-06-24 13:39:06,用户B,我不知道该怎么继续下去了。,text
2024-05-28 23:07:54,用户A,相信自己，你一定可以克服这个挑战。,text
2024-08-02 22:47:11,用户B,我不知道该怎么解决这个问题。,text
2024-05-06 23:47:57,用户A,每一次挫折都是成长的机会，别灰心。,text
2024-09-13 06:00:12,用户B,我不知道该怎么继续下去了。,text
2025-01-30 05:21:21,用户A,每一次挫折都是成长的机会，别灰心。,text
2025-01-11 13:31:29,用户B,我觉得自己好像被困住了。,text
2024-10-25 11:40:50,用户A,你已经比昨天进步了很多，继续前进吧。,text
2025-01-27 22:05:25,用户B,我觉得自己好像什么都做不好。,text
2024-03-11 01:49:19,用户A,无论遇到什么困难，我都会在你身边。,text
2024-06-20 10:13:53,用户B,我感觉很累，有点想放弃了。,text
2025-02-18 20:48:44,用户A,每一次挫折都是成长的机会，别灰心。,text
2024-12-30 23:12:19,用户B,我不知道该怎么继续下去了。,text
2025-02-04 09:08:36,用户A,困难只是暂时的，未来会更美好。,text
2024-03-15 19:33:42,用户B,最近工作压力很大，有点撑不住了。,text
2024-05-11 08:25:31,用户A,别担心，一切都会好起来的。,text
2025-01-12 01:17:14,用户B,我不知道该怎么继续下去了。,text
2024-05-27 15:34:50,用户A,你比你想象的要坚强得多。,text
2024-11-05 01:50:46,用户B,我感觉自己很失败，很无助。,text
2024-06-02 22:01:16,用户A,别担心，一切都会好起来的。,text
2024-03-29 15:26:27,用户B,最近工作压力很大，有点撑不住了。,text
2024-09-02 08:30:31,用户A,你已经做得很棒了，继续加油！,text
2024-06-12 08:34:04,用户B,我不知道该怎么继续下去了。,text
2024-06-20 07:03:53,用户A,困难只是暂时的，未来会更美好。,text
2024-10-04 17:51:47,用户B,我觉得自己好像被困住了。,text
2024-12-31 13:59:04,用户A,无论遇到什么困难，我都会在你身边。,text
2025-02-10 15:08:12,用户B,我不知道该怎么面对这个挑战。,text
2024-07-13 18:44:12,用户A,困难只是暂时的，未来会更美好。,text
2024-06-28 12:48:43,用户B,我不知道该怎么继续下去了。,text
2024-06-01 18:12:15,用户A,困难只是暂时的，未来会更美好。,text
2024-11-29 13:35:49,用户B,我不知道该怎么面对这个挑战。,text
2024-07-01 22:19:39,用户A,你已经做得很棒了，继续加油！,text
2024-07-15 20:10:21,用户B,我不知道该怎么解决这个问题。,text
2024-03-16 01:00:43,用户A,你已经做得很棒了，继续加油！,text
2024-12-23 03:35:08,用户B,我不知道该怎么继续下去了。,text
2025-02-17 16:44:33,用户A,你已经做得很棒了，继续加油！,text
2024-05-17 23:28:28,用户B,我好像总是做不好，很沮丧。,text
2024-05-04 21:28:37,用户A,你比你想象的要坚强得多。,text
2024-07-03 17:02:48,用户B,我好像总是做不好，很沮丧。,text
2024-04-22 21:35:53,用户A,无论遇到什么困难，我都会在你身边。,text
2024-08-15 11:28:33,用户B,我觉得自己好像什么都做不好。,text
2024-06-13 03:57:12,用户A,你比你想象的要坚强得多。,text
2025-02-02 03:32:18,用户B,我不知道该怎么解决这个问题。,text
2024-07-27 03:33:56,用户A,无论遇到什么困难，我都会在你身边。,text
2024-04-17 14:29:22,用户B,我觉得自己好像被困住了。,text
2025-02-21 21:11:57,用户A,困难只是暂时的，未来会更美好。,text
2024-07-13 10:33:57,用户B,最近工作压力很大，有点撑不住了。,text
2024-08-15 10:51:09,用户A,你比你想象的要坚强得多。,text
2024-08-03 20:25:50,用户B,我感觉很累，有点想放弃了。,text
2024-10-28 14:40:12,用户A,无论遇到什么困难，我都会在你身边。,text
2025-02-25 09:35:03,用户B,我不知道该怎么面对这个挑战。,text
2025-01-26 17:13:33,用户A,无论遇到什么困难，我都会在你身边。,text
2024-12-02 17:22:11,用户B,我觉得自己好像什么都做不好。,text
2025-02-22 22:14:11,用户A,慢慢来，不要给自己太大压力。,text
2024-09-22 12:24:38,用户B,我感觉自己很失败，很无助。,text
2024-06-28 04:43:52,用户A,无论遇到什么困难，我都会在你身边。,text
2024-10-17 00:23:54,用户B,我好像总是做不好，很沮丧。,text
2024-12-03 21:43:26,用户A,无论遇到什么困难，我都会在你身边。,text
2025-01-15 08:17:34,用户B,我好像总是做不好，很沮丧。,text
2024-09-17 13:27:31,用户A,别担心，一切都会好起来的。,text
2025-01-21 14:03:29,用户B,我不知道该怎么面对这个挑战。,text
2024-11-22 03:26:11,用户A,别担心，一切都会好起来的。,text
2024-12-24 01:54:23,用户B,我感觉很迷茫，不知道该怎么办。,text
2024-03-18 09:24:43,用户A,困难只是暂时的，未来会更美好。,text
2024-07-03 19:33:14,用户B,我感觉很迷茫，不知道该怎么办。,text
2024-04-06 00:19:52,用户A,你已经做得很棒了，继续加油！,text
2024-05-18 09:17:12,用户B,我觉得自己好像被困住了。,text
2024-07-01 17:44:28,用户A,相信自己，你一定可以克服这个挑战。,text
2024-10-21 22:27:38,用户B,我好像总是做不好，很沮丧。,text
2024-08-04 13:58:24,用户A,每一次挫折都是成长的机会，别灰心。,text
2024-12-26 02:05:11,用户B,我觉得自己好像被困住了。,text
2024-05-01 06:51:30,用户A,每一次挫折都是成长的机会，别灰心。,text
2024-03-20 08:54:48,用户B,我感觉很迷茫，不知道该怎么办。,text
2025-01-17 02:09:31,用户A,相信自己，你一定可以克服这个挑战。,text
2024-09-01 00:41:18,用户B,我不知道该怎么解决这个问题。,text
2024-10-18 19:43:44,用户A,困难只是暂时的，未来会更美好。,text
2024-09-14 17:50:26,用户B,我感觉很累，有点想放弃了。,text
2024-10-11 18:25:31,用户A,别担心，一切都会好起来的。,text
2024-12-03 03:13:00,用户B,我感觉很迷茫，不知道该怎么办。,text
2025-02-22 04:27:32,用户A,无论遇到什么困难，我都会在你身边。,text
